Workbook

Sheet Data
A1: Match_ID | B1: Player | C1: Team | D1: Venue | E1: Runs | F1: Balls | G1: Fours | H1: Sixes | I1: Wickets | J1: Match_Result | K1: Outlier_Flag | M1: Note: sample dataset (40 batting records) created for this exercise. Runs in red = above mean + 2 SD (high outlier); blue = below mean - 2 SD.
A2: M01 | B2: Player 01 | C2: Mumbai Indians | D2: Narendra Modi (Ahmedabad) | E2: 48 | F2: 41 | G2: 4 | H2: 0 | I2: 1 | J2: Won | K2: =IF(OR(E2>Univariate!$B$10,E2<Univariate!$B$11),"Outlier","")
A3: M01 | B3: Player 02 | C3: Chennai Super Kings | D3: Chepauk (Chennai) | E3: 26 | F3: 20 | G3: 1 | H3: 0 | I3: 0 | J3: Won | K3: =IF(OR(E3>Univariate!$B$10,E3<Univariate!$B$11),"Outlier","")
A4: M02 | B4: Player 03 | C4: Gujarat Titans | D4: Chepauk (Chennai) | E4: 3 | F4: 2 | G4: 0 | H4: 0 | I4: 0 | J4: Lost | K4: =IF(OR(E4>Univariate!$B$10,E4<Univariate!$B$11),"Outlier","")
A5: M02 | B5: Player 04 | C5: Royal Challengers | D5: Wankhede (Mumbai) | E5: 46 | F5: 25 | G5: 2 | H5: 2 | I5: 0 | J5: Lost | K5: =IF(OR(E5>Univariate!$B$10,E5<Univariate!$B$11),"Outlier","")
A6: M03 | B6: Player 05 | C6: Mumbai Indians | D6: Wankhede (Mumbai) | E6: 10 | F6: 6 | G6: 0 | H6: 0 | I6: 1 | J6: Won | K6: =IF(OR(E6>Univariate!$B$10,E6<Univariate!$B$11),"Outlier","")
A7: M03 | B7: Player 06 | C7: Chennai Super Kings | D7: Narendra Modi (Ahmedabad) | E7: 26 | F7: 21 | G7: 2 | H7: 0 | I7: 1 | J7: Won | K7: =IF(OR(E7>Univariate!$B$10,E7<Univariate!$B$11),"Outlier","")
A8: M04 | B8: Player 07 | C8: Gujarat Titans | D8: Narendra Modi (Ahmedabad) | E8: 24 | F8: 18 | G8: 2 | H8: 0 | I8: 0 | J8: Won | K8: =IF(OR(E8>Univariate!$B$10,E8<Univariate!$B$11),"Outlier","")
A9: M04 | B9: Player 08 | C9: Royal Challengers | D9: Wankhede (Mumbai) | E9: 15 | F9: 9 | G9: 1 | H9: 0 | I9: 1 | J9: Lost | K9: =IF(OR(E9>Univariate!$B$10,E9<Univariate!$B$11),"Outlier","")
A10: M05 | B10: Player 09 | C10: Mumbai Indians | D10: Narendra Modi (Ahmedabad) | E10: 30 | F10: 16 | G10: 2 | H10: 0 | I10: 3 | J10: Lost | K10: =IF(OR(E10>Univariate!$B$10,E10<Univariate!$B$11),"Outlier","")
A11: M05 | B11: Player 10 | C11: Chennai Super Kings | D11: Wankhede (Mumbai) | E11: 118 | F11: 62 | G11: 11 | H11: 9 | I11: 0 | J11: Lost | K11: =IF(OR(E11>Univariate!$B$10,E11<Univariate!$B$11),"Outlier","") -> Outlier
A12: M06 | B12: Player 11 | C12: Gujarat Titans | D12: Narendra Modi (Ahmedabad) | E12: 24 | F12: 15 | G12: 2 | H12: 1 | I12: 0 | J12: Lost | K12: =IF(OR(E12>Univariate!$B$10,E12<Univariate!$B$11),"Outlier","")
A13: M06 | B13: Player 12 | C13: Royal Challengers | D13: Chepauk (Chennai) | E13: 10 | F13: 6 | G13: 0 | H13: 0 | I13: 2 | J13: Lost | K13: =IF(OR(E13>Univariate!$B$10,E13<Univariate!$B$11),"Outlier","")
... A41: M20 | B41: Player 40 | C41: Royal Challengers | D41: Chepauk (Chennai) | E41: 44 | F41: 31 | G41: 3 | H41: 1 | I41: 1 | J41: Lost | K41: =IF(OR(E41>Univariate!$B$10,E41<Univariate!$B$11),"Outlier","")

Sheet Univariate
A1: Statistic (Runs scored) | B1: Value
A2: Count | B2: =COUNT(Data!$E$2:$E$41) -> 40
A3: Mean | B3: =AVERAGE(Data!$E$2:$E$41) -> 33.725
A4: Median | B4: =MEDIAN(Data!$E$2:$E$41) -> 28
A5: Minimum | B5: =MIN(Data!$E$2:$E$41) -> 2
A6: Maximum | B6: =MAX(Data!$E$2:$E$41) -> 118
A7: Standard deviation | B7: =STDEV(Data!$E$2:$E$41) -> 25.255604
A8: Range (Max - Min) | B8: =B6-B5 -> 116
A10: Upper outlier threshold (Mean + 2 SD) | B10: =B3+2*B7 -> 84.236207
A11: Lower outlier threshold (Mean - 2 SD) | B11: =B3-2*B7 -> -16.786207
A12: Number of outliers found | B12: =COUNTIF(Data!$K$2:$K$41,"Outlier") -> 2
A14: Rule used: a score is an outlier if it is more than 2 standard deviations away from the mean.

Sheet Scatter_Plot
A1: Correlation (balls faced vs runs scored): | D1: =CORREL(Data!F2:F41,Data!E2:E41) -> 0.9540794
A2: Close to +1 = strong positive relationship: the more balls a batter faces, the more runs they score.

Sheet Pivot_Team_Venue
A1: Table 1: Average runs per player by Team and Venue
A2: Team \ Venue | B2: Wankhede (Mumbai) | C2: Narendra Modi (Ahmedabad) | D2: Chepauk (Chennai) | E2: All Venues
A3: Mumbai Indians | B3: =IFERROR(AVERAGEIFS(Data!$E$2:$E$41,Data!$C$2:$C$41,$A3,Data!$D$2:$D$41,B$2),0) -> 33.2 | C3: =IFERROR(AVERAGEIFS(Data!$E$2:$E$41,Data!$C$2:$C$41,$A3,Data!$D$2:$D$41,C$2),0) -> 34 | D3: =IFERROR(AVERAGEIFS(Data!$E$2:$E$41,Data!$C$2:$C$41,$A3,Data!$D$2:$D$41,D$2),0) -> 23.5 | E3: =IFERROR(AVERAGEIFS(Data!$E$2:$E$41,Data!$C$2:$C$41,$A3),0) -> 31.5
A4: Chennai Super Kings | B4: =IFERROR(AVERAGEIFS(Data!$E$2:$E$41,Data!$C$2:$C$41,$A4,Data!$D$2:$D$41,B$2),0) -> 90.5 | C4: =IFERROR(AVERAGEIFS(Data!$E$2:$E$41,Data!$C$2:$C$41,$A4,Data!$D$2:$D$41,C$2),0) -> 25.166667 | D4: =IFERROR(AVERAGEIFS(Data!$E$2:$E$41,Data!$C$2:$C$41,$A4,Data!$D$2:$D$41,D$2),0) -> 28 | E4: =IFERROR(AVERAGEIFS(Data!$E$2:$E$41,Data!$C$2:$C$41,$A4),0) -> 38.8
A5: Gujarat Titans | B5: =IFERROR(AVERAGEIFS(Data!$E$2:$E$41,Data!$C$2:$C$41,$A5,Data!$D$2:$D$41,B$2),0) -> 26 | C5: =IFERROR(AVERAGEIFS(Data!$E$2:$E$41,Data!$C$2:$C$41,$A5,Data!$D$2:$D$41,C$2),0) -> 24.75 | D5: =IFERROR(AVERAGEIFS(Data!$E$2:$E$41,Data!$C$2:$C$41,$A5,Data!$D$2:$D$41,D$2),0) -> 50 | E5: =IFERROR(AVERAGEIFS(Data!$E$2:$E$41,Data!$C$2:$C$41,$A5),0) -> 35.1
A6: Royal Challengers | B6: =IFERROR(AVERAGEIFS(Data!$E$2:$E$41,Data!$C$2:$C$41,$A6,Data!$D$2:$D$41,B$2),0) -> 29.666667 | C6: =IFERROR(AVERAGEIFS(Data!$E$2:$E$41,Data!$C$2:$C$41,$A6,Data!$D$2:$D$41,C$2),0) -> 30 | D6: =IFERROR(AVERAGEIFS(Data!$E$2:$E$41,Data!$C$2:$C$41,$A6,Data!$D$2:$D$41,D$2),0) -> 29.2 | E6: =IFERROR(AVERAGEIFS(Data!$E$2:$E$41,Data!$C$2:$C$41,$A6),0) -> 29.5
A7: All Teams | B7: =IFERROR(AVERAGEIFS(Data!$E$2:$E$41,Data!$D$2:$D$41,B$2),0) -> 40.666667 | C7: =IFERROR(AVERAGEIFS(Data!$E$2:$E$41,Data!$D$2:$D$41,C$2),0) -> 27.466667 | D7: =IFERROR(AVERAGEIFS(Data!$E$2:$E$41,Data!$D$2:$D$41,D$2),0) -> 34.538462 | E7: =AVERAGE(Data!$E$2:$E$41) -> 33.725
A10: Table 2: Total runs by Team and Venue
A11: Team \ Venue | B11: Wankhede (Mumbai) | C11: Narendra Modi (Ahmedabad) | D11: Chepauk (Chennai) | E11: All Venues
A12: Mumbai Indians | B12: =SUMIFS(Data!$E$2:$E$41,Data!$C$2:$C$41,$A12,Data!$D$2:$D$41,B$11) -> 166 | C12: =SUMIFS(Data!$E$2:$E$41,Data!$C$2:$C$41,$A12,Data!$D$2:$D$41,C$11) -> 102 | D12: =SUMIFS(Data!$E$2:$E$41,Data!$C$2:$C$41,$A12,Data!$D$2:$D$41,D$11) -> 47 | E12: =SUMIFS(Data!$E$2:$E$41,Data!$C$2:$C$41,$A12) -> 315
A13: Chennai Super Kings | B13: =SUMIFS(Data!$E$2:$E$41,Data!$C$2:$C$41,$A13,Data!$D$2:$D$41,B$11) -> 181 | C13: =SUMIFS(Data!$E$2:$E$41,Data!$C$2:$C$41,$A13,Data!$D$2:$D$41,C$11) -> 151 | D13: =SUMIFS(Data!$E$2:$E$41,Data!$C$2:$C$41,$A13,Data!$D$2:$D$41,D$11) -> 56 | E13: =SUMIFS(Data!$E$2:$E$41,Data!$C$2:$C$41,$A13) -> 388
A14: Gujarat Titans | B14: =SUMIFS(Data!$E$2:$E$41,Data!$C$2:$C$41,$A14,Data!$D$2:$D$41,B$11) -> 52 | C14: =SUMIFS(Data!$E$2:$E$41,Data!$C$2:$C$41,$A14,Data!$D$2:$D$41,C$11) -> 99 | D14: =SUMIFS(Data!$E$2:$E$41,Data!$C$2:$C$41,$A14,Data!$D$2:$D$41,D$11) -> 200 | E14: =SUMIFS(Data!$E$2:$E$41,Data!$C$2:$C$41,$A14) -> 351
A15: Royal Challengers | B15: =SUMIFS(Data!$E$2:$E$41,Data!$C$2:$C$41,$A15,Data!$D$2:$D$41,B$11) -> 89 | C15: =SUMIFS(Data!$E$2:$E$41,Data!$C$2:$C$41,$A15,Data!$D$2:$D$41,C$11) -> 60 | D15: =SUMIFS(Data!$E$2:$E$41,Data!$C$2:$C$41,$A15,Data!$D$2:$D$41,D$11) -> 146 | E15: =SUMIFS(Data!$E$2:$E$41,Data!$C$2:$C$41,$A15) -> 295
A16: All Teams | B16: =SUMIFS(Data!$E$2:$E$41,Data!$D$2:$D$41,B$11) -> 488 | C16: =SUMIFS(Data!$E$2:$E$41,Data!$D$2:$D$41,C$11) -> 412 | D16: =SUMIFS(Data!$E$2:$E$41,Data!$D$2:$D$41,D$11) -> 449 | E16: =SUM(Data!$E$2:$E$41) -> 1349
A18: Built with SUMIFS/AVERAGEIFS formulas so it behaves like a pivot table. Steps to make a real PivotTable are in README.txt.
